PROFILE_IMAGE,score1,score2,score_final,nsfw_flag
https://gumlet-images-bucket.s3.ap-south-1.amazonaws.com/probo_user/PROFILE_d27bb1ec-f279-4d10-a504-839a50103699.png,0.841641902923584,0.36953940987586975,0.04157283902168274,False
https://gumlet-images-bucket.s3.ap-south-1.amazonaws.com/probo_user/PROFILE_d6c620f3-32c0-486e-854e-a9fc3f19efb3.png,0.9360742568969727,0.09474851936101913,0.04462291346862912,False
https://gumlet-images-bucket.s3.ap-south-1.amazonaws.com/probo_user/PROFILE_8703fb16-c6e6-4dc6-8e87-7a8883b68b21.png,0.9734721183776855,0.942149817943573,0.9552564322948456,True
https://gumlet-images-bucket.s3.ap-south-1.amazonaws.com/probo_user/PROFILE_479522f5-90bf-4766-a07a-0ea599a85145.png,0.9538289308547974,0.12337695807218552,0.03500243695452809,False
https://gumlet-images-bucket.s3.ap-south-1.amazonaws.com/probo_user/PROFILE_8c4f1d65-b690-420d-a5ba-9f8972fe08a2.png,0.9436379075050354,0.053548458963632584,0.15503005869686604,False
https://gumlet-images-bucket.s3.ap-south-1.amazonaws.com/probo_user/PROFILE_853a3de4-0911-4885-bbc4-4f3c89c7c720.png,0.9902153015136719,0.08402930200099945,0.03054882399737835,False
https://gumlet-images-bucket.s3.ap-south-1.amazonaws.com/probo_user/PROFILE_7a776511-80fc-4eaa-9b75-a813edaec326.png,0.5787919759750366,0.10722370445728302,0.05124889547005296,False
https://gumlet-images-bucket.s3.ap-south-1.amazonaws.com/probo_user/PROFILE_228f4e37-6ca1-4648-ab93-04c3d86b3626.png,0.9794222712516785,0.6267098784446716,0.04965961631387472,False
https://gumlet-images-bucket.s3.ap-south-1.amazonaws.com/probo_user/PROFILE_9965e5ee-8192-4dd9-b376-4a279e35ca94.png,0.9263319969177246,0.06687052547931671,0.4228392317891121,False
https://gumlet-images-bucket.s3.ap-south-1.amazonaws.com/probo_user/PROFILE_c8365a6b-4d4b-44d2-afed-d8643bd31405.png,0.8459813594818115,0.3978947401046753,0.0322916628792882,False
https://gumlet-images-bucket.s3.ap-south-1.amazonaws.com/probo_user/PROFILE_2d14e7de-9dac-48f9-af8f-bbc3007ad856.png,0.919799268245697,0.07397778332233429,0.03678748430684209,False
https://gumlet-images-bucket.s3.ap-south-1.amazonaws.com/probo_user/PROFILE_a16fd47c-0161-431d-843e-8c3399664adc.png,0.5129818916320801,0.04938117787241936,0.16986394487321377,False
https://gumlet-images-bucket.s3.ap-south-1.amazonaws.com/probo_user/PROFILE_7f2c6eb1-28dd-4597-97ad-72b28ba61707.png,0.9744511842727661,0.07785477489233017,0.34450359269976616,False
https://gumlet-images-bucket.s3.ap-south-1.amazonaws.com/probo_user/PROFILE_379781ae-602b-43a9-9949-fb9683c9150d.png,0.9434961080551147,0.6941093802452087,0.05541687086224556,False
https://gumlet-images-bucket.s3.ap-south-1.amazonaws.com/probo_user/PROFILE_1a0b4ae1-f43a-40ae-8cf3-647765604844.png,0.9264260530471802,0.1804654449224472,0.06278531346470118,False
https://gumlet-images-bucket.s3.ap-south-1.amazonaws.com/probo_user/PROFILE_8bb73ebb-52d7-44e9-b5b2-cb423c7c5bb2.png,0.8896527886390686,0.0726504921913147,0.03620759071782231,False
https://gumlet-images-bucket.s3.ap-south-1.amazonaws.com/probo_user/PROFILE_eddf970f-0e9a-42f3-b233-cb98a15f9d84.png,0.8845003843307495,0.07397837936878204,0.04149366542696953,False
https://gumlet-images-bucket.s3.ap-south-1.amazonaws.com/probo_user/PROFILE_10facfd0-56fb-4c4b-b7a4-49942b88eaf0.png,0.8554188013076782,0.5677226185798645,0.6243508756160736,True
https://gumlet-images-bucket.s3.ap-south-1.amazonaws.com/probo_user/PROFILE_4551710f-3af5-4d0b-b69e-85ce77fd3c1a.png,0.9024907350540161,0.09038542211055756,0.05500591080635786,False
https://gumlet-images-bucket.s3.ap-south-1.amazonaws.com/probo_user/PROFILE_95ce7164-b083-4d81-a530-f214ba96187f.png,0.869882345199585,0.11041408777236938,0.03883593203499913,False
https://gumlet-images-bucket.s3.ap-south-1.amazonaws.com/probo_user/PROFILE_658535d2-82d7-4236-b782-4fee17cb9165.png,0.8601377010345459,0.17061638832092285,0.5153770446777344,True
https://gumlet-images-bucket.s3.ap-south-1.amazonaws.com/probo_user/PROFILE_a4ab2355-442e-4caf-abe7-024b706e689a.png,0.9687662720680237,0.0923885926604271,0.03006176371127367,False
https://gumlet-images-bucket.s3.ap-south-1.amazonaws.com/probo_user/PROFILE_2fe9ef57-bf5a-413d-b9e1-56c6a131cd36.png,0.9219740629196167,0.1194773018360138,0.1189153641462326,False
https://gumlet-images-bucket.s3.ap-south-1.amazonaws.com/probo_user/PROFILE_6a93b712-2787-4899-9031-c24ba93cabb4.png,0.9160209894180298,0.09927647560834885,0.14720767363905907,False
https://gumlet-images-bucket.s3.ap-south-1.amazonaws.com/probo_user/PROFILE_b44283da-2517-44c3-afe3-a3eff6f159e8.png,0.5839868783950806,0.08999432623386383,0.3369906023144722,False
https://gumlet-images-bucket.s3.ap-south-1.amazonaws.com/probo_user/PROFILE_aa8442dc-cb76-495a-825c-21fd5304c897.png,0.9378941655158997,0.3407905697822571,0.6368007361888885,True
https://gumlet-images-bucket.s3.ap-south-1.amazonaws.com/probo_user/PROFILE_ae6bd61c-25ca-4f27-b9d3-bee55366425c.png,0.6331546902656555,0.07876720279455185,0.3559609465301037,False
https://gumlet-images-bucket.s3.ap-south-1.amazonaws.com/probo_user/PROFILE_2f2aded3-96c0-4332-b7bd-712e017f8f9c.png,0.9289565682411194,0.0712522566318512,0.1979917287826538,False
https://gumlet-images-bucket.s3.ap-south-1.amazonaws.com/probo_user/PROFILE_af2410af-f3d1-4666-968f-a39740a53d2f.png,0.5192064642906189,0.08278842270374298,0.13748407550156116,False
https://gumlet-images-bucket.s3.ap-south-1.amazonaws.com/probo_user/PROFILE_be9eff08-754f-4f27-9b67-0c1c6e486f9e.png,0.9100574254989624,0.08283937722444534,0.4964484013617039,False
https://gumlet-images-bucket.s3.ap-south-1.amazonaws.com/probo_user/PROFILE_3f58cdcc-942f-48d4-a855-ba4789da75e6.png,0.8953725099563599,0.10887537896633148,0.035355011001229286,False
https://gumlet-images-bucket.s3.ap-south-1.amazonaws.com/probo_user/PROFILE_a23d2a9d-2d20-48d8-9dd6-6129a85f5d49.png,0.5430644750595093,0.05297032371163368,0.03195964731276035,False
https://gumlet-images-bucket.s3.ap-south-1.amazonaws.com/probo_user/PROFILE_dab78ccd-86a3-480b-8190-1962aedbb3a5.png,0.9852242469787598,0.24369895458221436,0.06345149036496878,False
https://gumlet-images-bucket.s3.ap-south-1.amazonaws.com/probo_user/PROFILE_4ef8b7db-c7ad-4570-9744-38c6269abf8f.png,0.7031226754188538,0.47871845960617065,0.5909205675125122,True
https://gumlet-images-bucket.s3.ap-south-1.amazonaws.com/probo_user/PROFILE_3bf9b50f-ce4b-4d6d-b6f2-f5e656ee8dea.png,0.97919100522995,0.055205777287483215,0.0338528398424387,False
https://gumlet-images-bucket.s3.ap-south-1.amazonaws.com/probo_user/PROFILE_d1d8fe67-8daf-4496-8155-a935752935a7.png,0.7045012712478638,0.09308075904846191,0.11151663586497307,False
https://gumlet-images-bucket.s3.ap-south-1.amazonaws.com/probo_user/PROFILE_b8404754-7d64-42fa-ba61-5b3fb90d5f35.png,0.6621503233909607,0.9524039030075073,0.7895202338695526,True
https://gumlet-images-bucket.s3.ap-south-1.amazonaws.com/probo_user/PROFILE_7ab5b939-8301-4703-aa51-1f3b8e9f7632.png,0.501404881477356,0.060171179473400116,0.28078803047537804,False
https://gumlet-images-bucket.s3.ap-south-1.amazonaws.com/probo_user/PROFILE_d0fbbfbf-6e08-4b14-8e2c-f2587d8c0bea.png,0.9214612245559692,0.10315962880849838,0.046328655909746885,False
https://gumlet-images-bucket.s3.ap-south-1.amazonaws.com/probo_user/PROFILE_fc83a684-6415-43bd-94ac-7217831bd037.png,0.964295506477356,0.1748526692390442,0.07740608882158995,False
https://gumlet-images-bucket.s3.ap-south-1.amazonaws.com/probo_user/PROFILE_4ccc7595-2f84-4d64-88e5-754f2ac2fe33.png,0.9033501744270325,0.052818719297647476,0.030665577854961157,False
https://gumlet-images-bucket.s3.ap-south-1.amazonaws.com/probo_user/PROFILE_42c11704-177b-48ba-8b03-1bc15e27d804.png,0.9563460946083069,0.736945629119873,0.05532585829496384,False
https://gumlet-images-bucket.s3.ap-south-1.amazonaws.com/probo_user/PROFILE_3240fead-7783-448d-9b76-db97cdabbf2c.png,0.9370641112327576,0.05008380115032196,0.037791263312101364,False
https://gumlet-images-bucket.s3.ap-south-1.amazonaws.com/probo_user/PROFILE_792a3926-6b61-4589-bbbd-f256ba391324.png,0.9002626538276672,0.6544859409332275,0.047045644372701645,False
https://gumlet-images-bucket.s3.ap-south-1.amazonaws.com/probo_user/PROFILE_6a05a67c-06ca-434f-a771-21a7f4532cc6.png,0.8605319261550903,0.05132594704627991,0.09615699201822281,False
https://gumlet-images-bucket.s3.ap-south-1.amazonaws.com/probo_user/PROFILE_7488e735-6041-4e4c-90c9-498caa5fdda0.png,0.5309467911720276,0.0661073625087738,0.06484230235219002,False
https://gumlet-images-bucket.s3.ap-south-1.amazonaws.com/probo_user/PROFILE_1985eadc-f98f-4f2e-9c6b-ea88c447856c.png,0.9671122431755066,0.4944957494735718,0.7168740779161453,True
https://gumlet-images-bucket.s3.ap-south-1.amazonaws.com/probo_user/PROFILE_b5af8e37-7917-4f80-8bad-b0ebd15b63f6.png,0.6618034839630127,0.44352975487709045,0.03795568738132715,False
https://gumlet-images-bucket.s3.ap-south-1.amazonaws.com/probo_user/PROFILE_07e558ca-7e23-4c25-b81f-78110f121ef6.png,0.9271815419197083,0.06490808725357056,0.0334399389103055,False
https://gumlet-images-bucket.s3.ap-south-1.amazonaws.com/probo_user/PROFILE_99ce8ab5-1264-4138-afaa-100256015d20.png,0.9310488104820251,0.07619103789329529,0.498879786580801,False
https://gumlet-images-bucket.s3.ap-south-1.amazonaws.com/probo_user/PROFILE_edda532f-0d77-4c2e-9098-789f231ea263.png,0.8953725099563599,0.10887537896633148,0.035355011001229286,False
https://gumlet-images-bucket.s3.ap-south-1.amazonaws.com/probo_user/PROFILE_625ec520-b486-4b7f-9c49-0253f6d5c0ed.png,0.5355944633483887,0.08784015476703644,0.09835213422775269,False
https://gumlet-images-bucket.s3.ap-south-1.amazonaws.com/probo_user/PROFILE_0f13c63a-6da7-4f81-a332-78df00e1bf19.png,0.730729341506958,0.22073529660701752,0.03536282340064645,False
https://gumlet-images-bucket.s3.ap-south-1.amazonaws.com/probo_user/PROFILE_e93c4098-851d-4731-b0d3-8f009615b7ee.png,0.977542519569397,0.1272328495979309,0.04642350412905216,False
https://gumlet-images-bucket.s3.ap-south-1.amazonaws.com/probo_user/PROFILE_109961a7-8309-407f-bad0-c8be87dc52e4.png,0.9530931115150452,0.9306123852729797,0.9416638314723969,True
https://gumlet-images-bucket.s3.ap-south-1.amazonaws.com/probo_user/PROFILE_f4d10ae7-ffd4-4e9e-9b93-c1141bedc0cf.png,0.8681807518005371,0.03915444388985634,0.18237599916756153,False
https://gumlet-images-bucket.s3.ap-south-1.amazonaws.com/probo_user/PROFILE_0ac38669-86ea-4d95-ae36-3e9f3689d2fd.png,0.9138986468315125,0.11661171168088913,0.03753626346588135,False
https://gumlet-images-bucket.s3.ap-south-1.amazonaws.com/probo_user/PROFILE_1b81c964-a8c2-42a5-b139-0b8b2f777d88.png,0.9540289044380188,0.28664469718933105,0.12098001316189766,False
https://gumlet-images-bucket.s3.ap-south-1.amazonaws.com/probo_user/PROFILE_27fd01e6-af5a-4e3e-8685-7450ed9c89fc.png,0.9821310043334961,0.10231325030326843,0.5389380902051926,True
https://gumlet-images-bucket.s3.ap-south-1.amazonaws.com/probo_user/PROFILE_3c805558-a1a1-47a6-a8cc-5b656e17f3a1.png,0.8718875646591187,0.8078521490097046,0.7791573703289032,True
https://gumlet-images-bucket.s3.ap-south-1.amazonaws.com/probo_user/PROFILE_d090c093-0d1f-4a6d-acfe-3604e3c3c394.png,0.6692966222763062,0.7355460524559021,0.7024213373661041,True
https://gumlet-images-bucket.s3.ap-south-1.amazonaws.com/probo_user/PROFILE_52eaa0bc-eaa5-4288-91f7-a8f531369629.png,0.5938870906829834,0.05794483795762062,0.03491240367293358,False
https://gumlet-images-bucket.s3.ap-south-1.amazonaws.com/probo_user/PROFILE_aea3fb28-8f30-4869-a95c-cd62a80e6f39.png,0.9007336497306824,0.1397346705198288,0.4758419021964073,False
https://gumlet-images-bucket.s3.ap-south-1.amazonaws.com/probo_user/PROFILE_999fa47a-9806-4d5f-87cc-fd3ef3860768.png,0.7619569301605225,0.42736077308654785,0.5946588516235352,True
https://gumlet-images-bucket.s3.ap-south-1.amazonaws.com/probo_user/PROFILE_4afdcc6b-cd98-4050-af7c-844940979e84.png,0.8564808368682861,0.1520482301712036,0.03712920006364584,False
https://gumlet-images-bucket.s3.ap-south-1.amazonaws.com/probo_user/PROFILE_cb65ef64-b903-441a-88dc-3bafaaf46f8a.png,0.6401396989822388,0.11782298237085342,0.3789813406765461,False
https://gumlet-images-bucket.s3.ap-south-1.amazonaws.com/probo_user/PROFILE_688b4397-df16-4ea1-b99c-85350b585e49.png,0.5004857778549194,0.17615973949432373,0.05225282581523061,False
https://gumlet-images-bucket.s3.ap-south-1.amazonaws.com/probo_user/PROFILE_3ec242bf-98bd-41b6-bbcb-48337b68f99f.png,0.5150033831596375,0.09230697154998779,0.3036551773548126,False
https://gumlet-images-bucket.s3.ap-south-1.amazonaws.com/probo_user/PROFILE_e363db08-f076-412a-b76d-894fca25c7c0.png,0.6129274964332581,0.2086927890777588,0.387379489839077,False
https://gumlet-images-bucket.s3.ap-south-1.amazonaws.com/probo_user/PROFILE_1b159066-3222-40b7-9f79-fc9320003e1d.png,0.5615049004554749,0.0968426913022995,0.27991751581430435,False
https://gumlet-images-bucket.s3.ap-south-1.amazonaws.com/probo_user/PROFILE_1e8ef996-0048-42c4-8457-1e6f59812b93.png,0.6712144017219543,0.09516699612140656,0.04322365717962384,False
https://gumlet-images-bucket.s3.ap-south-1.amazonaws.com/probo_user/PROFILE_e8b1bdb3-86e9-4bba-928b-9c8745a31561.png,0.9555233120918274,0.2891009747982025,0.5421255305409431,True
https://gumlet-images-bucket.s3.ap-south-1.amazonaws.com/probo_user/PROFILE_ef5ab567-9458-426f-99ba-a372c881aa87.png,0.9855775237083435,0.0948038250207901,0.5401906743645668,True
https://gumlet-images-bucket.s3.ap-south-1.amazonaws.com/probo_user/PROFILE_036ccf7c-db18-4130-bccc-e59acb700b99.png,0.7850466370582581,0.07058326154947281,0.038795549888163805,False
https://gumlet-images-bucket.s3.ap-south-1.amazonaws.com/probo_user/PROFILE_988fff90-c684-45e7-bc79-c100c61b279c.png,0.7186670303344727,0.09213527292013168,0.06822558306157589,False
https://gumlet-images-bucket.s3.ap-south-1.amazonaws.com/probo_user/PROFILE_8f938b9e-5526-4c51-8c8b-a8bf204454f7.png,0.9454957246780396,0.07049477845430374,0.16892701759934425,False
https://gumlet-images-bucket.s3.ap-south-1.amazonaws.com/probo_user/PROFILE_c0df139e-44f1-4867-9208-0c3b7080dffe.png,0.9604848623275757,0.1379387378692627,0.17628788948059082,False
https://gumlet-images-bucket.s3.ap-south-1.amazonaws.com/probo_user/PROFILE_b7c6f076-a6ad-4d90-b91e-d2351632cb9c.png,0.5658909678459167,0.07940545678138733,0.03668992128223181,False
https://gumlet-images-bucket.s3.ap-south-1.amazonaws.com/probo_user/PROFILE_7365826d-7257-4dca-a19f-d6d6f7b5435e.png,0.5121797323226929,0.06254580616950989,0.04388495068997145,False
https://gumlet-images-bucket.s3.ap-south-1.amazonaws.com/probo_user/PROFILE_fe536c43-b304-4573-8ad1-9db523a4f553.png,0.9593660235404968,0.1118931695818901,0.47065166756510735,False
https://gumlet-images-bucket.s3.ap-south-1.amazonaws.com/probo_user/PROFILE_8f2581e2-14bd-4f64-933c-1a881aa124e6.png,0.60545414686203,0.054168011993169785,0.054849158972501755,False
https://gumlet-images-bucket.s3.ap-south-1.amazonaws.com/probo_user/PROFILE_03733734-7a31-4c17-9a38-dfb13c0d1daa.png,0.9756941199302673,0.8017038106918335,0.8029443025588989,True
https://gumlet-images-bucket.s3.ap-south-1.amazonaws.com/probo_user/PROFILE_65cd4cc1-5953-403a-ab5f-5a5aa2ad58ad.png,0.9029713273048401,0.06584221124649048,0.36738139390945435,False
https://gumlet-images-bucket.s3.ap-south-1.amazonaws.com/probo_user/PROFILE_3eafee9f-3af5-49f0-b5a3-4275ef575525.png,0.8160278797149658,0.07366105169057846,0.4427086338400841,False
https://gumlet-images-bucket.s3.ap-south-1.amazonaws.com/probo_user/PROFILE_5a5855f1-b3b9-4eba-8025-c06865c56e49.png,0.8065139651298523,0.9364455342292786,0.530218243598938,True
https://gumlet-images-bucket.s3.ap-south-1.amazonaws.com/probo_user/PROFILE_bec4b4db-cdf8-4583-9f08-3086df058410.png,0.975723385810852,0.18846815824508667,0.5459760427474976,True
